<?xml version="1.0" encoding="UTF-8"?>
<root>
  <item name="gdudesapp.GDFloatingActionButton.FloatingActionButton int getSize()">
    <annotation name="android.support.annotation.IntDef">
      <val name="value" val="{gdudesapp.GDFloatingActionButton.FloatingActionButton.SIZE_NORMAL, gdudesapp.GDFloatingActionButton.FloatingActionButton.SIZE_MINI}" />
    </annotation>
  </item>
  <item name="gdudesapp.GDFloatingActionButton.FloatingActionButton void setSize(int) 0">
    <annotation name="android.support.annotation.IntDef">
      <val name="value" val="{gdudesapp.GDFloatingActionButton.FloatingActionButton.SIZE_NORMAL, gdudesapp.GDFloatingActionButton.FloatingActionButton.SIZE_MINI}" />
    </annotation>
  </item>
  <item name="gdudesapp.GDFloatingActionButton.FloatingActionButton.FAB_SIZE">
    <annotation name="android.support.annotation.IntDef">
      <val name="value" val="{gdudesapp.GDFloatingActionButton.FloatingActionButton.SIZE_NORMAL, gdudesapp.GDFloatingActionButton.FloatingActionButton.SIZE_MINI}" />
    </annotation>
  </item>
</root>

